{"v":"5.4.4","fr":24,"ip":0,"op":28,"w":240,"h":240,"nm":"eye","ddd":0,"assets":[],"layers":[{"ddd":0,"ind":1,"ty":4,"nm":"Shape Layer 1","sr":1,"ks":{"o":{"a":0,"k":100,"ix":11},"r":{"a":0,"k":0,"ix":10},"p":{"a":0,"k":[120,120,0],"ix":2},"a":{"a":0,"k":[0,0,0],"ix":1},"s":{"a":0,"k":[1000,1000,100],"ix":6}},"ao":0,"shapes":[],"ip":0,"op":28,"st":0,"bm":0},{"ddd":0,"ind":2,"ty":4,"nm":"Layer 5","parent":1,"sr":1,"ks":{"o":{"a":0,"k":100,"ix":11},"r":{"a":0,"k":0,"ix":10},"p":{"a":0,"k":[-0.087,5.385,0],"ix":2},"a":{"a":0,"k":[11.913,17.385,0],"ix":1},"s":{"a":0,"k":[100,100,100],"ix":6}},"ao":0,"shapes":[{"ty":"gr","it":[{"ind":0,"ty":"sh","ix":1,"ks":{"a":0,"k":{"i":[[0,0],[0,0]],"o":[[0,0],[0,0]],"v":[[-1.309,-1.309],[1.309,1.309]],"c":false},"ix":2},"nm":"Path 1","mn":"ADBE Vector Shape - Group","hd":false},{"ty":"st","c":{"a":0,"k":[0,0,0,1],"ix":3},"o":{"a":0,"k":100,"ix":4},"w":{"a":0,"k":2,"ix":5},"lc":2,"lj":2,"bm":0,"nm":"Stroke 1","mn":"ADBE Vector Graphic - Stroke","hd":false},{"ty":"tr","p":{"a":0,"k":[20.931,15.104],"ix":2},"a":{"a":0,"k":[0,0],"ix":1},"s":{"a":0,"k":[100,100],"ix":3},"r":{"a":0,"k":0,"ix":6},"o":{"a":0,"k":100,"ix":7},"sk":{"a":0,"k":0,"ix":4},"sa":{"a":0,"k":0,"ix":5},"nm":"Transform"}],"nm":"Group 1","np":2,"cix":2,"bm":0,"ix":1,"mn":"ADBE Vector Group","hd":false},{"ty":"gr","it":[{"ind":0,"ty":"sh","ix":1,"ks":{"a":0,"k":{"i":[[0,0],[0,0]],"o":[[0,0],[0,0]],"v":[[-0.908,-1.782],[0.908,1.782]],"c":false},"ix":2},"nm":"Path 1","mn":"ADBE Vector Shape - Group","hd":false},{"ty":"st","c":{"a":0,"k":[0,0,0,1],"ix":3},"o":{"a":0,"k":100,"ix":4},"w":{"a":0,"k":2,"ix":5},"lc":2,"lj":2,"bm":0,"nm":"Stroke 1","mn":"ADBE Vector Graphic - Stroke","hd":false},{"ty":"tr","p":{"a":0,"k":[16.827,18],"ix":2},"a":{"a":0,"k":[0,0],"ix":1},"s":{"a":0,"k":[100,100],"ix":3},"r":{"a":0,"k":0,"ix":6},"o":{"a":0,"k":100,"ix":7},"sk":{"a":0,"k":0,"ix":4},"sa":{"a":0,"k":0,"ix":5},"nm":"Transform"}],"nm":"Group 2","np":2,"cix":2,"bm":0,"ix":2,"mn":"ADBE Vector Group","hd":false},{"ty":"gr","it":[{"ind":0,"ty":"sh","ix":1,"ks":{"a":0,"k":{"i":[[0,0],[0,0]],"o":[[0,0],[0,0]],"v":[[1.322,-1.322],[-1.322,1.322]],"c":false},"ix":2},"nm":"Path 1","mn":"ADBE Vector Shape - Group","hd":false},{"ty":"st","c":{"a":0,"k":[0,0,0,1],"ix":3},"o":{"a":0,"k":100,"ix":4},"w":{"a":0,"k":2,"ix":5},"lc":2,"lj":2,"bm":0,"nm":"Stroke 1","mn":"ADBE Vector Graphic - Stroke","hd":false},{"ty":"tr","p":{"a":0,"k":[2.908,15.092],"ix":2},"a":{"a":0,"k":[0,0],"ix":1},"s":{"a":0,"k":[100,100],"ix":3},"r":{"a":0,"k":0,"ix":6},"o":{"a":0,"k":100,"ix":7},"sk":{"a":0,"k":0,"ix":4},"sa":{"a":0,"k":0,"ix":5},"nm":"Transform"}],"nm":"Group 3","np":2,"cix":2,"bm":0,"ix":3,"mn":"ADBE Vector Group","hd":false},{"ty":"gr","it":[{"ind":0,"ty":"sh","ix":1,"ks":{"a":0,"k":{"i":[[0,0],[0,0]],"o":[[0,0],[0,0]],"v":[[0.908,-1.782],[-0.908,1.782]],"c":false},"ix":2},"nm":"Path 1","mn":"ADBE Vector Shape - Group","hd":false},{"ty":"st","c":{"a":0,"k":[0,0,0,1],"ix":3},"o":{"a":0,"k":100,"ix":4},"w":{"a":0,"k":2,"ix":5},"lc":2,"lj":2,"bm":0,"nm":"Stroke 1","mn":"ADBE Vector Graphic - Stroke","hd":false},{"ty":"tr","p":{"a":0,"k":[7,18],"ix":2},"a":{"a":0,"k":[0,0],"ix":1},"s":{"a":0,"k":[100,100],"ix":3},"r":{"a":0,"k":0,"ix":6},"o":{"a":0,"k":100,"ix":7},"sk":{"a":0,"k":0,"ix":4},"sa":{"a":0,"k":0,"ix":5},"nm":"Transform"}],"nm":"Group 4","np":2,"cix":2,"bm":0,"ix":4,"mn":"ADBE Vector Group","hd":false},{"ty":"gr","it":[{"ind":0,"ty":"sh","ix":1,"ks":{"a":0,"k":{"i":[[0,0],[0,0]],"o":[[0,0],[0,0]],"v":[[0,-2],[0,2]],"c":false},"ix":2},"nm":"Path 1","mn":"ADBE Vector Shape - Group","hd":false},{"ty":"st","c":{"a":0,"k":[0,0,0,1],"ix":3},"o":{"a":0,"k":100,"ix":4},"w":{"a":0,"k":2,"ix":5},"lc":2,"lj":2,"bm":0,"nm":"Stroke 1","mn":"ADBE Vector Graphic - Stroke","hd":false},{"ty":"tr","p":{"a":0,"k":[12,19],"ix":2},"a":{"a":0,"k":[0,0],"ix":1},"s":{"a":0,"k":[100,100],"ix":3},"r":{"a":0,"k":0,"ix":6},"o":{"a":0,"k":100,"ix":7},"sk":{"a":0,"k":0,"ix":4},"sa":{"a":0,"k":0,"ix":5},"nm":"Transform"}],"nm":"Group 5","np":2,"cix":2,"bm":0,"ix":5,"mn":"ADBE Vector Group","hd":false},{"ty":"tm","s":{"a":0,"k":0,"ix":1},"e":{"a":1,"k":[{"i":{"x":[0.667],"y":[1]},"o":{"x":[0.167],"y":[0.167]},"t":9,"s":[0],"e":[100]},{"i":{"x":[0.667],"y":[1]},"o":{"x":[0.333],"y":[0]},"t":11,"s":[100],"e":[100]},{"i":{"x":[0.833],"y":[0.833]},"o":{"x":[0.333],"y":[0]},"t":17,"s":[100],"e":[0]},{"t":19}],"ix":2},"o":{"a":0,"k":0,"ix":3},"m":1,"ix":6,"nm":"Trim Paths 1","mn":"ADBE Vector Filter - Trim","hd":false}],"ip":0,"op":28,"st":0,"bm":0},{"ddd":0,"ind":3,"ty":4,"nm":"Layer 4","parent":8,"sr":1,"ks":{"o":{"a":0,"k":100,"ix":11},"r":{"a":0,"k":0,"ix":10},"p":{"a":0,"k":[-0.142,-8.765,0],"ix":2},"a":{"a":0,"k":[0,0,0],"ix":1},"s":{"a":0,"k":[100,100,100],"ix":6}},"ao":0,"shapes":[{"ty":"gr","it":[{"ind":0,"ty":"sh","ix":1,"ks":{"a":1,"k":[{"i":{"x":0.667,"y":1},"o":{"x":0.167,"y":0.167},"t":4,"s":[{"i":[[0,0],[-2.359,0],[-1.794,-1.134]],"o":[[1.795,-1.135],[2.359,0],[0,0]],"v":[[-6.329,1.196],[0.011,-0.605],[6.35,1.195]],"c":false}],"e":[{"i":[[0,0],[-2.359,0],[-1.794,-1.329]],"o":[[1.795,-1.33],[2.359,0],[0,0]],"v":[[-6.339,1.055],[0.001,-1.055],[6.339,1.054]],"c":false}]},{"i":{"x":0.667,"y":1},"o":{"x":0.333,"y":0},"t":6,"s":[{"i":[[0,0],[-2.359,0],[-1.794,-1.329]],"o":[[1.795,-1.33],[2.359,0],[0,0]],"v":[[-6.339,1.055],[0.001,-1.055],[6.339,1.054]],"c":false}],"e":[{"i":[[0,0],[-2.359,0],[-1.794,-1.329]],"o":[[1.795,-1.33],[2.359,0],[0,0]],"v":[[-6.339,1.055],[0.001,-1.055],[6.339,1.054]],"c":false}]},{"i":{"x":0.833,"y":0.833},"o":{"x":0.333,"y":0},"t":22,"s":[{"i":[[0,0],[-2.359,0],[-1.794,-1.329]],"o":[[1.795,-1.33],[2.359,0],[0,0]],"v":[[-6.339,1.055],[0.001,-1.055],[6.339,1.054]],"c":false}],"e":[{"i":[[0,0],[-2.359,0],[-1.794,-1.039]],"o":[[1.795,-1.039],[2.359,0],[0,0]],"v":[[-6.301,2.245],[-0.004,0.47],[6.335,2.118]],"c":false}]},{"t":24}],"ix":2},"nm":"Path 1","mn":"ADBE Vector Shape - Group","hd":false},{"ty":"st","c":{"a":0,"k":[0,0,0,1],"ix":3},"o":{"a":0,"k":100,"ix":4},"w":{"a":0,"k":2,"ix":5},"lc":2,"lj":2,"bm":0,"nm":"Stroke 1","mn":"ADBE Vector Graphic - Stroke","hd":false},{"ty":"tr","p":{"a":0,"k":[0,0],"ix":2},"a":{"a":0,"k":[0,0],"ix":1},"s":{"a":0,"k":[100,100],"ix":3},"r":{"a":0,"k":0,"ix":6},"o":{"a":0,"k":100,"ix":7},"sk":{"a":0,"k":0,"ix":4},"sa":{"a":0,"k":0,"ix":5},"nm":"Transform"}],"nm":"Group 1","np":2,"cix":2,"bm":0,"ix":1,"mn":"ADBE Vector Group","hd":false}],"ip":4,"op":24,"st":0,"bm":0},{"ddd":0,"ind":4,"ty":4,"nm":"Layer 6","parent":3,"sr":1,"ks":{"o":{"a":0,"k":100,"ix":11},"r":{"a":0,"k":0,"ix":10},"p":{"a":0,"k":[0.148,8.769,0],"ix":2},"a":{"a":0,"k":[0,0,0],"ix":1},"s":{"a":0,"k":[100,100,100],"ix":6}},"ao":0,"shapes":[{"ty":"gr","it":[{"ind":0,"ty":"sh","ix":1,"ks":{"a":1,"k":[{"i":{"x":0.833,"y":0.833},"o":{"x":0.167,"y":0.167},"t":5,"s":[{"i":[[0,0],[4.247,0],[2.035,-1.147]],"o":[[-1.825,-1.297],[-4.238,0],[0,0]],"v":[[9.992,-3.526],[-0.005,-6.526],[-9.993,-3.351]],"c":false}],"e":[{"i":[[0,0],[4.247,0],[2.038,1.217]],"o":[[-2.035,1.222],[-4.238,0],[0,0]],"v":[[9.992,-3.176],[-0.007,-1.137],[-9.993,-3.169]],"c":false}]},{"i":{"x":0.667,"y":1},"o":{"x":0.167,"y":0.167},"t":6,"s":[{"i":[[0,0],[4.247,0],[2.038,1.217]],"o":[[-2.035,1.222],[-4.238,0],[0,0]],"v":[[9.992,-3.176],[-0.007,-1.137],[-9.993,-3.169]],"c":false}],"e":[{"i":[[0,0],[4.247,0],[2.038,3.793]],"o":[[-2.035,3.806],[-4.238,0],[0,0]],"v":[[9.992,-3.176],[-0.007,3.176],[-9.992,-3.152]],"c":false}]},{"i":{"x":0.667,"y":1},"o":{"x":0.333,"y":0},"t":9,"s":[{"i":[[0,0],[4.247,0],[2.038,3.793]],"o":[[-2.035,3.806],[-4.238,0],[0,0]],"v":[[9.992,-3.176],[-0.007,3.176],[-9.992,-3.152]],"c":false}],"e":[{"i":[[0,0],[4.247,0],[2.038,3.793]],"o":[[-2.035,3.806],[-4.238,0],[0,0]],"v":[[9.992,-3.176],[-0.007,3.176],[-9.992,-3.152]],"c":false}]},{"i":{"x":0.833,"y":0.833},"o":{"x":0.333,"y":0},"t":19,"s":[{"i":[[0,0],[4.247,0],[2.038,3.793]],"o":[[-2.035,3.806],[-4.238,0],[0,0]],"v":[[9.992,-3.176],[-0.007,3.176],[-9.992,-3.152]],"c":false}],"e":[{"i":[[0,0],[4.247,0],[2.038,1.217]],"o":[[-2.035,1.222],[-4.238,0],[0,0]],"v":[[9.992,-3.176],[-0.007,-1.137],[-9.993,-3.169]],"c":false}]},{"i":{"x":0.833,"y":0.833},"o":{"x":0.167,"y":0.167},"t":22,"s":[{"i":[[0,0],[4.247,0],[2.038,1.217]],"o":[[-2.035,1.222],[-4.238,0],[0,0]],"v":[[9.992,-3.176],[-0.007,-1.137],[-9.993,-3.169]],"c":false}],"e":[{"i":[[0,0],[4.247,0],[2.035,-1.147]],"o":[[-1.825,-1.297],[-4.238,0],[0,0]],"v":[[9.992,-3.526],[-0.005,-6.526],[-9.993,-3.351]],"c":false}]},{"t":23}],"ix":2},"nm":"Path 1","mn":"ADBE Vector Shape - Group","hd":false},{"ty":"st","c":{"a":0,"k":[0,0,0,1],"ix":3},"o":{"a":0,"k":100,"ix":4},"w":{"a":1,"k":[{"i":{"x":[0.833],"y":[0.833]},"o":{"x":[0.167],"y":[0.167]},"t":5,"s":[1],"e":[2]},{"i":{"x":[0.833],"y":[0.833]},"o":{"x":[0.167],"y":[0.167]},"t":6,"s":[2],"e":[2]},{"i":{"x":[0.833],"y":[0.833]},"o":{"x":[0.167],"y":[0.167]},"t":22,"s":[2],"e":[1]},{"t":23}],"ix":5},"lc":2,"lj":2,"bm":0,"nm":"Stroke 1","mn":"ADBE Vector Graphic - Stroke","hd":false},{"ty":"tr","p":{"a":0,"k":[0,0],"ix":2},"a":{"a":0,"k":[0,0],"ix":1},"s":{"a":0,"k":[100,100],"ix":3},"r":{"a":0,"k":0,"ix":6},"o":{"a":0,"k":100,"ix":7},"sk":{"a":0,"k":0,"ix":4},"sa":{"a":0,"k":0,"ix":5},"nm":"Transform"}],"nm":"Group 1","np":2,"cix":2,"bm":0,"ix":1,"mn":"ADBE Vector Group","hd":false}],"ip":5,"op":23,"st":0,"bm":0},{"ddd":0,"ind":5,"ty":4,"nm":"Layer 7","parent":3,"td":1,"sr":1,"ks":{"o":{"a":0,"k":100,"ix":11},"r":{"a":0,"k":0,"ix":10},"p":{"a":0,"k":[0.148,8.769,0],"ix":2},"a":{"a":0,"k":[0,0,0],"ix":1},"s":{"a":0,"k":[100,100,100],"ix":6}},"ao":0,"shapes":[{"ty":"gr","it":[{"ind":0,"ty":"sh","ix":1,"ks":{"a":1,"k":[{"i":{"x":0.667,"y":1},"o":{"x":0.167,"y":0.167},"t":5,"s":[{"i":[[0,0],[4.247,0],[2.038,0]],"o":[[-2.035,0],[-4.238,0],[0,0]],"v":[[9.992,-3.176],[-0.007,-3.176],[-9.993,-3.176]],"c":false}],"e":[{"i":[[0,0],[4.247,0],[2.038,3.793]],"o":[[-2.035,3.806],[-4.238,0],[0,0]],"v":[[9.992,-3.176],[-0.007,3.176],[-9.992,-3.152]],"c":false}]},{"i":{"x":0.667,"y":1},"o":{"x":0.333,"y":0},"t":9,"s":[{"i":[[0,0],[4.247,0],[2.038,3.793]],"o":[[-2.035,3.806],[-4.238,0],[0,0]],"v":[[9.992,-3.176],[-0.007,3.176],[-9.992,-3.152]],"c":false}],"e":[{"i":[[-2.035,3.806],[0,0],[-4.238,0]],"o":[[0,0],[2.038,3.793],[4.247,0]],"v":[[9.992,-3.176],[-9.992,-3.152],[-0.007,3.176]],"c":true}]},{"i":{"x":0.833,"y":0.833},"o":{"x":0.333,"y":0},"t":19,"s":[{"i":[[-2.035,3.806],[0,0],[-4.238,0]],"o":[[0,0],[2.038,3.793],[4.247,0]],"v":[[9.992,-3.176],[-9.992,-3.152],[-0.007,3.176]],"c":true}],"e":[{"i":[[-2.225,1.203],[2.51,-3.655],[-4.238,0]],"o":[[-3.55,-3.047],[1.76,1.045],[4.247,0]],"v":[[9.992,-3.176],[-9.993,-3.169],[-0.007,-1.137]],"c":true}]},{"i":{"x":0.833,"y":0.833},"o":{"x":0.167,"y":0.167},"t":22,"s":[{"i":[[-2.225,1.203],[2.51,-3.655],[-4.238,0]],"o":[[-3.55,-3.047],[1.76,1.045],[4.247,0]],"v":[[9.992,-3.176],[-9.993,-3.169],[-0.007,-1.137]],"c":true}],"e":[{"i":[[4.247,0],[2.035,-1.147],[0,0]],"o":[[-4.238,0],[0,0],[-1.825,-1.297]],"v":[[-0.005,-6.526],[-9.993,-3.351],[9.992,-3.526]],"c":true}]},{"t":23}],"ix":2},"nm":"Path 1","mn":"ADBE Vector Shape - Group","hd":false},{"ty":"fl","c":{"a":0,"k":[0,0,0,1],"ix":4},"o":{"a":0,"k":100,"ix":5},"r":1,"bm":0,"nm":"Fill 1","mn":"ADBE Vector Graphic - Fill","hd":false},{"ty":"tr","p":{"a":0,"k":[0,0],"ix":2},"a":{"a":0,"k":[0,0],"ix":1},"s":{"a":0,"k":[100,100],"ix":3},"r":{"a":0,"k":0,"ix":6},"o":{"a":0,"k":100,"ix":7},"sk":{"a":0,"k":0,"ix":4},"sa":{"a":0,"k":0,"ix":5},"nm":"Transform"}],"nm":"Group 1","np":2,"cix":2,"bm":0,"ix":1,"mn":"ADBE Vector Group","hd":false}],"ip":6,"op":22,"st":0,"bm":0},{"ddd":0,"ind":6,"ty":4,"nm":"Isolation Mode 2","parent":1,"tt":2,"sr":1,"ks":{"o":{"a":0,"k":100,"ix":11},"r":{"a":0,"k":0,"ix":10},"p":{"a":1,"k":[{"i":{"x":0.6,"y":1},"o":{"x":0.4,"y":0},"t":23,"s":[0.001,1.82,0],"e":[0.001,3.82,0],"to":[0,0,0],"ti":[0,0,0]},{"t":25}],"ix":2},"a":{"a":0,"k":[0,0,0],"ix":1},"s":{"a":0,"k":[100,100,100],"ix":6}},"ao":0,"shapes":[{"ty":"gr","it":[{"ind":0,"ty":"sh","ix":1,"ks":{"a":1,"k":[{"i":{"x":0.833,"y":0.833},"o":{"x":0.167,"y":0.167},"t":20,"s":[{"i":[[0.911,1.833],[-5.249,0],[-0.926,1.832],[5.249,0]],"o":[[0.915,1.827],[5.2,0],[-0.865,1.778],[-5.198,0]],"v":[[-9.657,-2.584],[-0.001,3.184],[9.776,-2.823],[-0.001,3.184]],"c":true}],"e":[{"i":[[1.018,1.473],[-5.249,0],[-0.926,1.832],[5.249,0]],"o":[[0.912,1.828],[5.2,0],[-0.477,1.397],[-5.198,0]],"v":[[-9.219,-3.218],[-0.001,2.666],[9.275,-3.341],[-0.001,-0.602]],"c":true}]},{"i":{"x":0.833,"y":0.833},"o":{"x":0.167,"y":0.167},"t":22,"s":[{"i":[[1.018,1.473],[-5.249,0],[-0.926,1.832],[5.249,0]],"o":[[0.912,1.828],[5.2,0],[-0.477,1.397],[-5.198,0]],"v":[[-9.219,-3.218],[-0.001,2.666],[9.275,-3.341],[-0.001,-0.602]],"c":true}],"e":[{"i":[[0.991,-0.471],[-5.249,0],[-0.926,1.832],[5.249,0]],"o":[[0.911,1.828],[5.2,0],[-0.7,-0.294],[-5.198,0]],"v":[[-9.042,-3.474],[-0.001,2.457],[9.073,-3.551],[-0.001,-5.574]],"c":true}]},{"i":{"x":0.667,"y":1},"o":{"x":0.167,"y":0.167},"t":23,"s":[{"i":[[0.991,-0.471],[-5.249,0],[-0.926,1.832],[5.249,0]],"o":[[0.911,1.828],[5.2,0],[-0.7,-0.294],[-5.198,0]],"v":[[-9.042,-3.474],[-0.001,2.457],[9.073,-3.551],[-0.001,-5.574]],"c":true}],"e":[{"i":[[0.926,-1.832],[-5.249,0],[-0.926,1.832],[5.249,0]],"o":[[0.909,1.829],[5.2,0],[-0.909,-1.829],[-5.198,0]],"v":[[-8.809,-3.812],[-0.001,2.18],[8.806,-3.827],[-0.001,-9.82]],"c":true}]},{"t":25}],"ix":2},"nm":"Path 1","mn":"ADBE Vector Shape - Group","hd":false},{"ind":1,"ty":"sh","ix":2,"ks":{"a":1,"k":[{"i":{"x":0.833,"y":0.833},"o":{"x":0.167,"y":0.167},"t":20,"s":[{"i":[[6.395,0],[0.796,1.78],[-0.856,0.447],[0,0],[-4.707,0],[-1.347,2.379],[-0.867,-0.439],[0,0]],"o":[[-6.35,0],[0,0],[0.881,-0.46],[1.333,2.541],[5.096,0],[0,0],[0.824,0.417],[-0.812,1.78]],"v":[[-0.001,4.18],[-10.867,-2.675],[-10.459,-4.03],[-9.105,-3.622],[-0.001,2.18],[9.117,-3.644],[10.47,-4.055],[10.88,-2.702]],"c":true}],"e":[{"i":[[6.622,0],[0.796,1.78],[-0.414,0.216],[0,0],[-5.803,0],[-1.063,0.232],[-0.419,-0.212],[0,0]],"o":[[-6.633,0],[0,0],[0.426,-0.222],[1.064,0.311],[6.026,0],[0,0],[0.399,0.202],[-0.812,1.78]],"v":[[-0.001,4.18],[-10.848,-3.053],[-10.745,-3.922],[-9.993,-3.936],[-0.001,-2.42],[9.999,-3.947],[10.75,-3.933],[10.851,-3.066]],"c":true}]},{"i":{"x":0.833,"y":0.833},"o":{"x":0.167,"y":0.167},"t":22,"s":[{"i":[[6.622,0],[0.796,1.78],[-0.414,0.216],[0,0],[-5.803,0],[-1.063,0.232],[-0.419,-0.212],[0,0]],"o":[[-6.633,0],[0,0],[0.426,-0.222],[1.064,0.311],[6.026,0],[0,0],[0.399,0.202],[-0.812,1.78]],"v":[[-0.001,4.18],[-10.848,-3.053],[-10.745,-3.922],[-9.993,-3.936],[-0.001,-2.42],[9.999,-3.947],[10.75,-3.933],[10.851,-3.066]],"c":true}],"e":[{"i":[[6.713,0],[0.796,1.78],[-0.209,0.252],[0,0],[-6.246,0],[-0.948,-0.635],[-0.207,-0.248],[0,0]],"o":[[-6.747,0],[0,0],[0.21,-0.229],[0.955,-0.59],[6.402,0],[0,0],[0.218,0.177],[-0.812,1.78]],"v":[[-0.001,4.18],[-10.84,-3.206],[-10.861,-4.053],[-10.477,-4.414],[-0.001,-7.45],[10.475,-4.451],[10.862,-4.059],[10.839,-3.213]],"c":true}]},{"i":{"x":0.667,"y":1},"o":{"x":0.167,"y":0.167},"t":23,"s":[{"i":[[6.713,0],[0.796,1.78],[-0.209,0.252],[0,0],[-6.246,0],[-0.948,-0.635],[-0.207,-0.248],[0,0]],"o":[[-6.747,0],[0,0],[0.21,-0.229],[0.955,-0.59],[6.402,0],[0,0],[0.218,0.177],[-0.812,1.78]],"v":[[-0.001,4.18],[-10.84,-3.206],[-10.861,-4.053],[-10.477,-4.414],[-0.001,-7.45],[10.475,-4.451],[10.862,-4.059],[10.839,-3.213]],"c":true}],"e":[{"i":[[6.834,0],[0.796,1.78],[0,0],[0,0],[-6.831,0],[-0.796,-1.78],[0,0],[0,0]],"o":[[-6.898,0],[0,0],[0,0],[0.812,-1.78],[6.898,0],[0,0],[0,0],[-0.812,1.78]],"v":[[-0.001,4.18],[-10.829,-3.408],[-11.014,-3.82],[-10.826,-4.231],[-0.001,-11.82],[10.827,-4.231],[11.011,-3.819],[10.824,-3.408]],"c":true}]},{"t":25}],"ix":2},"nm":"Path 2","mn":"ADBE Vector Shape - Group","hd":false},{"ty":"fl","c":{"a":0,"k":[0,0,0,1],"ix":4},"o":{"a":0,"k":100,"ix":5},"r":1,"bm":0,"nm":"Fill 1","mn":"ADBE Vector Graphic - Fill","hd":false},{"ty":"tr","p":{"a":0,"k":[0,0],"ix":2},"a":{"a":0,"k":[0,0],"ix":1},"s":{"a":0,"k":[100,100],"ix":3},"r":{"a":0,"k":0,"ix":6},"o":{"a":0,"k":100,"ix":7},"sk":{"a":0,"k":0,"ix":4},"sa":{"a":0,"k":0,"ix":5},"nm":"Transform"}],"nm":"Group 1","np":3,"cix":2,"bm":0,"ix":1,"mn":"ADBE Vector Group","hd":false}],"ip":19,"op":28,"st":19,"bm":0},{"ddd":0,"ind":7,"ty":4,"nm":"Layer 3","parent":3,"td":1,"sr":1,"ks":{"o":{"a":0,"k":100,"ix":11},"r":{"a":0,"k":0,"ix":10},"p":{"a":0,"k":[0.148,8.769,0],"ix":2},"a":{"a":0,"k":[0,0,0],"ix":1},"s":{"a":0,"k":[100,100,100],"ix":6}},"ao":0,"shapes":[{"ty":"gr","it":[{"ind":0,"ty":"sh","ix":1,"ks":{"a":1,"k":[{"i":{"x":0.667,"y":1},"o":{"x":0.167,"y":0.167},"t":5,"s":[{"i":[[0,0],[4.247,0],[2.038,0]],"o":[[-2.035,0],[-4.238,0],[0,0]],"v":[[9.992,-3.176],[-0.007,-3.176],[-9.993,-3.176]],"c":false}],"e":[{"i":[[0,0],[4.247,0],[2.038,3.793]],"o":[[-2.035,3.806],[-4.238,0],[0,0]],"v":[[9.992,-3.176],[-0.007,3.176],[-9.992,-3.152]],"c":false}]},{"i":{"x":0.667,"y":1},"o":{"x":0.333,"y":0},"t":9,"s":[{"i":[[0,0],[4.247,0],[2.038,3.793]],"o":[[-2.035,3.806],[-4.238,0],[0,0]],"v":[[9.992,-3.176],[-0.007,3.176],[-9.992,-3.152]],"c":false}],"e":[{"i":[[0,0],[4.247,0],[2.038,3.793]],"o":[[-2.035,3.806],[-4.238,0],[0,0]],"v":[[9.992,-3.176],[-0.007,3.176],[-9.992,-3.152]],"c":false}]},{"t":19}],"ix":2},"nm":"Path 1","mn":"ADBE Vector Shape - Group","hd":false},{"ty":"fl","c":{"a":0,"k":[0,0,0,1],"ix":4},"o":{"a":0,"k":100,"ix":5},"r":1,"bm":0,"nm":"Fill 1","mn":"ADBE Vector Graphic - Fill","hd":false},{"ty":"tr","p":{"a":0,"k":[0,0],"ix":2},"a":{"a":0,"k":[0,0],"ix":1},"s":{"a":0,"k":[100,100],"ix":3},"r":{"a":0,"k":0,"ix":6},"o":{"a":0,"k":100,"ix":7},"sk":{"a":0,"k":0,"ix":4},"sa":{"a":0,"k":0,"ix":5},"nm":"Transform"}],"nm":"Group 1","np":2,"cix":2,"bm":0,"ix":1,"mn":"ADBE Vector Group","hd":false}],"ip":6,"op":28,"st":0,"bm":0},{"ddd":0,"ind":8,"ty":4,"nm":"Isolation Mode","parent":1,"tt":2,"sr":1,"ks":{"o":{"a":0,"k":100,"ix":11},"r":{"a":0,"k":0,"ix":10},"p":{"a":1,"k":[{"i":{"x":0.6,"y":1},"o":{"x":0.4,"y":0},"t":3,"s":[0.001,3.82,0],"e":[0.001,1.82,0],"to":[0,0,0],"ti":[0,0,0]},{"t":5}],"ix":2},"a":{"a":0,"k":[0,0,0],"ix":1},"s":{"a":0,"k":[100,100,100],"ix":6}},"ao":0,"shapes":[{"ty":"gr","it":[{"ind":0,"ty":"sh","ix":1,"ks":{"a":1,"k":[{"i":{"x":0.833,"y":0.833},"o":{"x":0.333,"y":0},"t":3,"s":[{"i":[[0.926,-1.832],[-5.249,0],[-0.926,1.832],[5.249,0]],"o":[[0.909,1.829],[5.2,0],[-0.909,-1.829],[-5.198,0]],"v":[[-8.809,-3.812],[-0.001,2.18],[8.806,-3.827],[-0.001,-9.82]],"c":true}],"e":[{"i":[[0.908,-0.651],[-5.249,0],[-0.926,1.832],[5.249,0]],"o":[[0.909,1.829],[5.2,0],[-0.895,-0.661],[-5.198,0]],"v":[[-8.908,-3.19],[-0.001,2.505],[8.858,-3.064],[-0.001,-5.692]],"c":true}]},{"i":{"x":0.833,"y":0.833},"o":{"x":0.167,"y":0.167},"t":5,"s":[{"i":[[0.908,-0.651],[-5.249,0],[-0.926,1.832],[5.249,0]],"o":[[0.909,1.829],[5.2,0],[-0.895,-0.661],[-5.198,0]],"v":[[-8.908,-3.19],[-0.001,2.505],[8.858,-3.064],[-0.001,-5.692]],"c":true}],"e":[{"i":[[0.895,0.244],[-5.249,0],[-1.047,1.874],[5.249,0]],"o":[[1.115,1.694],[5.2,0],[-0.884,0.224],[-5.198,0]],"v":[[-9.292,-3.113],[-0.001,2.551],[9.358,-3.256],[-0.001,-0.37]],"c":true}]},{"i":{"x":0.833,"y":0.833},"o":{"x":0.167,"y":0.167},"t":6,"s":[{"i":[[0.895,0.244],[-5.249,0],[-1.047,1.874],[5.249,0]],"o":[[1.115,1.694],[5.2,0],[-0.884,0.224],[-5.198,0]],"v":[[-9.292,-3.113],[-0.001,2.551],[9.358,-3.256],[-0.001,-0.37]],"c":true}],"e":[{"i":[[0.879,1.292],[-5.249,0],[-1.313,1.598],[5.249,0]],"o":[[1.159,1.566],[5.2,0],[-0.871,1.26],[-5.198,0]],"v":[[-9.535,-2.76],[-0.001,2.498],[9.636,-2.967],[-0.001,1.999]],"c":true}]},{"i":{"x":0.833,"y":0.833},"o":{"x":0.167,"y":0.167},"t":7,"s":[{"i":[[0.879,1.292],[-5.249,0],[-1.313,1.598],[5.249,0]],"o":[[1.159,1.566],[5.2,0],[-0.871,1.26],[-5.198,0]],"v":[[-9.535,-2.76],[-0.001,2.498],[9.636,-2.967],[-0.001,1.999]],"c":true}],"e":[{"i":[[0.911,1.833],[-5.249,0],[-0.926,1.832],[5.249,0]],"o":[[0.915,1.827],[5.2,0],[-0.865,1.778],[-5.198,0]],"v":[[-9.657,-2.584],[-0.001,3.184],[9.776,-2.823],[-0.001,3.184]],"c":true}]},{"t":8}],"ix":2},"nm":"Path 1","mn":"ADBE Vector Shape - Group","hd":false},{"ind":1,"ty":"sh","ix":2,"ks":{"a":1,"k":[{"i":{"x":0.833,"y":0.833},"o":{"x":0.333,"y":0},"t":3,"s":[{"i":[[6.834,0],[0.796,1.78],[0,0],[0,0],[-6.831,0],[-0.796,-1.78],[0,0],[0,0]],"o":[[-6.898,0],[0,0],[0,0],[0.812,-1.78],[6.898,0],[0,0],[0,0],[-0.812,1.78]],"v":[[-0.001,4.18],[-10.829,-3.408],[-11.014,-3.82],[-10.826,-4.231],[-0.001,-11.82],[10.827,-4.231],[11.011,-3.819],[10.824,-3.408]],"c":true}],"e":[{"i":[[6.692,0],[0.796,1.78],[-0.277,0.145],[0,0],[-6.143,0],[-0.818,-0.572],[-0.281,-0.142],[0,0]],"o":[[-6.721,0],[0,0],[0.285,-0.149],[1.092,-0.361],[6.315,0],[0,0],[0.267,0.135],[-0.812,1.78]],"v":[[-0.001,4.18],[-10.842,-3.171],[-10.834,-3.888],[-10.313,-4.134],[-0.001,-7.352],[10.292,-4.154],[10.836,-3.895],[10.842,-3.179]],"c":true}]},{"i":{"x":0.833,"y":0.833},"o":{"x":0.167,"y":0.167},"t":5,"s":[{"i":[[6.692,0],[0.796,1.78],[-0.277,0.145],[0,0],[-6.143,0],[-0.818,-0.572],[-0.281,-0.142],[0,0]],"o":[[-6.721,0],[0,0],[0.285,-0.149],[1.092,-0.361],[6.315,0],[0,0],[0.267,0.135],[-0.812,1.78]],"v":[[-0.001,4.18],[-10.842,-3.171],[-10.834,-3.888],[-10.313,-4.134],[-0.001,-7.352],[10.292,-4.154],[10.836,-3.895],[10.842,-3.179]],"c":true}],"e":[{"i":[[6.584,0],[0.796,1.78],[-0.487,0.254],[0,0],[-5.622,0],[-1.11,0.587],[-0.493,-0.25],[0,0]],"o":[[-6.586,0],[0,0],[0.501,-0.262],[1.108,0.679],[5.872,0],[0,0],[0.469,0.237],[-0.812,1.78]],"v":[[-0.001,4.18],[-10.851,-2.991],[-10.698,-3.939],[-9.847,-3.885],[-0.001,-1.553],[9.854,-3.897],[10.703,-3.953],[10.856,-3.006]],"c":true}]},{"i":{"x":0.833,"y":0.833},"o":{"x":0.167,"y":0.167},"t":6,"s":[{"i":[[6.584,0],[0.796,1.78],[-0.487,0.254],[0,0],[-5.622,0],[-1.11,0.587],[-0.493,-0.25],[0,0]],"o":[[-6.586,0],[0,0],[0.501,-0.262],[1.108,0.679],[5.872,0],[0,0],[0.469,0.237],[-0.812,1.78]],"v":[[-0.001,4.18],[-10.851,-2.991],[-10.698,-3.939],[-9.847,-3.885],[-0.001,-1.553],[9.854,-3.897],[10.703,-3.953],[10.856,-3.006]],"c":true}],"e":[{"i":[[6.395,0],[0.796,1.78],[-0.856,0.447],[0,0],[-4.707,0],[-1.347,2.379],[-0.867,-0.439],[0,0]],"o":[[-6.35,0],[0,0],[0.881,-0.46],[1.333,2.541],[5.096,0],[0,0],[0.824,0.417],[-0.812,1.78]],"v":[[-0.001,4.18],[-10.867,-2.675],[-10.459,-4.03],[-9.105,-3.622],[-0.001,2.18],[9.117,-3.644],[10.47,-4.055],[10.88,-2.702]],"c":true}]},{"t":8}],"ix":2},"nm":"Path 2","mn":"ADBE Vector Shape - Group","hd":false},{"ty":"fl","c":{"a":0,"k":[0,0,0,1],"ix":4},"o":{"a":0,"k":100,"ix":5},"r":1,"bm":0,"nm":"Fill 1","mn":"ADBE Vector Graphic - Fill","hd":false},{"ty":"tr","p":{"a":0,"k":[0,0],"ix":2},"a":{"a":0,"k":[0,0],"ix":1},"s":{"a":0,"k":[100,100],"ix":3},"r":{"a":0,"k":0,"ix":6},"o":{"a":0,"k":100,"ix":7},"sk":{"a":0,"k":0,"ix":4},"sa":{"a":0,"k":0,"ix":5},"nm":"Transform"}],"nm":"Group 1","np":3,"cix":2,"bm":0,"ix":1,"mn":"ADBE Vector Group","hd":false}],"ip":0,"op":9,"st":0,"bm":0},{"ddd":0,"ind":9,"ty":4,"nm":"Layer 1","parent":8,"td":1,"sr":1,"ks":{"o":{"a":0,"k":100,"ix":11},"r":{"a":0,"k":0,"ix":10},"p":{"a":0,"k":[-0.001,-3.82,0],"ix":2},"a":{"a":0,"k":[0,0,0],"ix":1},"s":{"a":0,"k":[100,100,100],"ix":6}},"ao":0,"shapes":[{"ty":"gr","it":[{"ind":0,"ty":"sh","ix":1,"ks":{"a":1,"k":[{"i":{"x":0.833,"y":0.833},"o":{"x":0.333,"y":0},"t":3,"s":[{"i":[[6.358,0],[0.665,-1.459],[-6.358,0],[-0.665,1.459]],"o":[[-6.305,0],[0.664,1.485],[6.305,0],[-0.664,-1.485]],"v":[[0,-7],[-9.915,0.004],[0,7],[9.915,-0.004]],"c":true}],"e":[{"i":[[6.358,0],[0.654,-0.485],[-6.358,0],[-0.665,1.459]],"o":[[-6.305,0],[0.664,1.485],[6.305,0],[-0.651,-0.519]],"v":[[0,-2.859],[-9.915,0.004],[0,7],[9.915,-0.004]],"c":true}]},{"i":{"x":0.833,"y":0.833},"o":{"x":0.167,"y":0.167},"t":5,"s":[{"i":[[6.358,0],[0.654,-0.485],[-6.358,0],[-0.665,1.459]],"o":[[-6.305,0],[0.664,1.485],[6.305,0],[-0.651,-0.519]],"v":[[0,-2.859],[-9.915,0.004],[0,7],[9.915,-0.004]],"c":true}],"e":[{"i":[[6.358,0],[0.646,0.252],[-6.358,0],[-0.665,1.459]],"o":[[-6.305,0],[0.664,1.485],[6.305,0],[-0.642,0.212]],"v":[[0,2.517],[-9.915,0.004],[0,7],[9.915,-0.004]],"c":true}]},{"i":{"x":0.833,"y":0.833},"o":{"x":0.167,"y":0.167},"t":6,"s":[{"i":[[6.358,0],[0.646,0.252],[-6.358,0],[-0.665,1.459]],"o":[[-6.305,0],[0.664,1.485],[6.305,0],[-0.642,0.212]],"v":[[0,2.517],[-9.915,0.004],[0,7],[9.915,-0.004]],"c":true}],"e":[{"i":[[6.358,0],[0.631,1.547],[-6.358,0],[-0.665,1.459]],"o":[[-6.305,0],[0.664,1.485],[6.305,0],[-0.625,1.497]],"v":[[0,7],[-9.915,0.004],[0,7],[9.915,-0.004]],"c":true}]},{"i":{"x":0.833,"y":0.833},"o":{"x":0.167,"y":0.167},"t":8,"s":[{"i":[[6.358,0],[0.631,1.547],[-6.358,0],[-0.665,1.459]],"o":[[-6.305,0],[0.664,1.485],[6.305,0],[-0.625,1.497]],"v":[[0,7],[-9.915,0.004],[0,7],[9.915,-0.004]],"c":true}],"e":[{"i":[[6.358,0],[0.631,1.547],[-6.358,0],[-0.665,1.459]],"o":[[-6.305,0],[0.664,1.485],[6.305,0],[-0.625,1.497]],"v":[[0,7],[-9.915,0.004],[0,7],[9.915,-0.004]],"c":true}]},{"i":{"x":0.833,"y":0.833},"o":{"x":0.167,"y":0.167},"t":21,"s":[{"i":[[6.358,0],[0.631,1.547],[-6.358,0],[-0.665,1.459]],"o":[[-6.305,0],[0.664,1.485],[6.305,0],[-0.625,1.497]],"v":[[0,7],[-9.915,0.004],[0,7],[9.915,-0.004]],"c":true}],"e":[{"i":[[6.358,0],[0.653,-0.368],[-6.358,0],[-0.665,1.459]],"o":[[-6.305,0],[0.664,1.485],[6.305,0],[-0.65,-0.402]],"v":[[0,-2.544],[-9.915,0.004],[0,7],[9.915,-0.004]],"c":true}]},{"i":{"x":0.667,"y":1},"o":{"x":0.167,"y":0.167},"t":23,"s":[{"i":[[6.358,0],[0.653,-0.368],[-6.358,0],[-0.665,1.459]],"o":[[-6.305,0],[0.664,1.485],[6.305,0],[-0.65,-0.402]],"v":[[0,-2.544],[-9.915,0.004],[0,7],[9.915,-0.004]],"c":true}],"e":[{"i":[[6.358,0],[0.665,-1.459],[-6.358,0],[-0.665,1.459]],"o":[[-6.305,0],[0.664,1.485],[6.305,0],[-0.664,-1.485]],"v":[[0,-7],[-9.915,0.004],[0,7],[9.915,-0.004]],"c":true}]},{"t":25}],"ix":2},"nm":"Path 1","mn":"ADBE Vector Shape - Group","hd":false},{"ty":"fl","c":{"a":0,"k":[0,0,0,1],"ix":4},"o":{"a":0,"k":100,"ix":5},"r":1,"bm":0,"nm":"Fill 1","mn":"ADBE Vector Graphic - Fill","hd":false},{"ty":"tr","p":{"a":0,"k":[0,0],"ix":2},"a":{"a":0,"k":[0,0],"ix":1},"s":{"a":0,"k":[100,100],"ix":3},"r":{"a":0,"k":0,"ix":6},"o":{"a":0,"k":100,"ix":7},"sk":{"a":0,"k":0,"ix":4},"sa":{"a":0,"k":0,"ix":5},"nm":"Transform"}],"nm":"Group 1","np":2,"cix":2,"bm":0,"ix":1,"mn":"ADBE Vector Group","hd":false}],"ip":0,"op":28,"st":0,"bm":0},{"ddd":0,"ind":10,"ty":4,"nm":"Layer 2","parent":1,"tt":1,"sr":1,"ks":{"o":{"a":0,"k":100,"ix":11},"r":{"a":0,"k":0,"ix":10},"p":{"a":1,"k":[{"i":{"x":0.833,"y":0.833},"o":{"x":0.333,"y":0},"t":3,"s":[0,0,0],"e":[0,-2,0],"to":[0,0,0],"ti":[0,0,0]},{"i":{"x":0.833,"y":0.833},"o":{"x":0.167,"y":0.167},"t":7,"s":[0,-2,0],"e":[0,-2,0],"to":[0,0,0],"ti":[0,0,0]},{"i":{"x":0.667,"y":1},"o":{"x":0.167,"y":0.167},"t":21,"s":[0,-2,0],"e":[0,0,0],"to":[0,0,0],"ti":[0,0,0]},{"t":25}],"ix":2},"a":{"a":0,"k":[0,0,0],"ix":1},"s":{"a":0,"k":[100,100,100],"ix":6}},"ao":0,"shapes":[{"ty":"gr","it":[{"ind":0,"ty":"sh","ix":1,"ks":{"a":0,"k":{"i":[[1.103,0],[0,-1.103],[-1.103,0],[0,1.103]],"o":[[-1.103,0],[0,1.103],[1.103,0],[0,-1.103]],"v":[[0,-2],[-2,0],[0,2],[2,0]],"c":true},"ix":2},"nm":"Path 1","mn":"ADBE Vector Shape - Group","hd":false},{"ind":1,"ty":"sh","ix":2,"ks":{"a":0,"k":{"i":[[2.206,0],[0,2.206],[-2.206,0],[0,-2.206]],"o":[[-2.206,0],[0,-2.206],[2.206,0],[0,2.206]],"v":[[0,4],[-4,0],[0,-4],[4,0]],"c":true},"ix":2},"nm":"Path 2","mn":"ADBE Vector Shape - Group","hd":false},{"ty":"fl","c":{"a":0,"k":[0,0,0,1],"ix":4},"o":{"a":0,"k":100,"ix":5},"r":1,"bm":0,"nm":"Fill 1","mn":"ADBE Vector Graphic - Fill","hd":false},{"ty":"tr","p":{"a":0,"k":[0,0],"ix":2},"a":{"a":0,"k":[0,0],"ix":1},"s":{"a":0,"k":[100,100],"ix":3},"r":{"a":0,"k":0,"ix":6},"o":{"a":0,"k":100,"ix":7},"sk":{"a":0,"k":0,"ix":4},"sa":{"a":0,"k":0,"ix":5},"nm":"Transform"}],"nm":"Group 1","np":3,"cix":2,"bm":0,"ix":1,"mn":"ADBE Vector Group","hd":false}],"ip":0,"op":28,"st":0,"bm":0}],"markers":[]}